<?xml version="1.0" encoding="UTF-8" ?>
<!DOCTYPE mapper PUBLIC "-//mybatis.org//DTD Mapper 3.0//EN" "http://mybatis.org/dtd/mybatis-3-mapper.dtd" >
<mapper namespace="com.yc.mapper.CourseandstudentMapper" >
  <resultMap id="BaseResultMap" type="com.yc.beans.Courseandstudent" >
    <id column="id" property="id" jdbcType="INTEGER" />
    <result column="studentid" property="studentid" jdbcType="INTEGER" />
    <result column="courseid" property="courseid" jdbcType="INTEGER" />
    <result column="part1" property="part1" jdbcType="INTEGER" />
    <result column="part2" property="part2" jdbcType="INTEGER" />
    <result column="part3" property="part3" jdbcType="INTEGER" />
  </resultMap>
  <sql id="Example_Where_Clause" >
    <where >
      <foreach collection="oredCriteria" item="criteria" separator="or" >
        <if test="criteria.valid" >
          <trim prefix="(" suffix=")" prefixOverrides="and" >
            <foreach collection="criteria.criteria" item="criterion" >
              <choose >
                <when test="criterion.noValue" >
                  and ${criterion.condition}
                </when>
                <when test="criterion.singleValue" >
                  and ${criterion.condition} #{criterion.value}
                </when>
                <when test="criterion.betweenValue" >
                  and ${criterion.condition} #{criterion.value} and #{criterion.secondValue}
                </when>
                <when test="criterion.listValue" >
                  and ${criterion.condition}
                  <foreach collection="criterion.value" item="listItem" open="(" close=")" separator="," >
                    #{listItem}
                  </foreach>
                </when>
              </choose>
            </foreach>
          </trim>
        </if>
      </foreach>
    </where>
  </sql>
  <sql id="Update_By_Example_Where_Clause" >
    <where >
      <foreach collection="example.oredCriteria" item="criteria" separator="or" >
        <if test="criteria.valid" >
          <trim prefix="(" suffix=")" prefixOverrides="and" >
            <foreach collection="criteria.criteria" item="criterion" >
              <choose >
                <when test="criterion.noValue" >
                  and ${criterion.condition}
                </when>
                <when test="criterion.singleValue" >
                  and ${criterion.condition} #{criterion.value}
                </when>
                <when test="criterion.betweenValue" >
                  and ${criterion.condition} #{criterion.value} and #{criterion.secondValue}
                </when>
                <when test="criterion.listValue" >
                  and ${criterion.condition}
                  <foreach collection="criterion.value" item="listItem" open="(" close=")" separator="," >
                    #{listItem}
                  </foreach>
                </when>
              </choose>
            </foreach>
          </trim>
        </if>
      </foreach>
    </where>
  </sql>
  <sql id="Base_Column_List" >
    id, studentid, courseid, part1, part2, part3
  </sql>
  <select id="selectByExample" resultMap="BaseResultMap" parameterType="com.yc.beans.CourseandstudentExample" >
    select
    <if test="distinct" >
      distinct
    </if>
    <include refid="Base_Column_List" />
    from courseandstudent
    <if test="_parameter != null" >
      <include refid="Example_Where_Clause" />
    </if>
    <if test="orderByClause != null" >
      order by ${orderByClause}
    </if>
  </select>
  <select id="selectByPrimaryKey" resultMap="BaseResultMap" parameterType="java.lang.Integer" >
    select 
    <include refid="Base_Column_List" />
    from courseandstudent
    where id = #{id,jdbcType=INTEGER}
  </select>
  <delete id="deleteByPrimaryKey" parameterType="java.lang.Integer" >
    delete from courseandstudent
    where id = #{id,jdbcType=INTEGER}
  </delete>
  <delete id="deleteByExample" parameterType="com.yc.beans.CourseandstudentExample" >
    delete from courseandstudent
    <if test="_parameter != null" >
      <include refid="Example_Where_Clause" />
    </if>
  </delete>
  <insert id="insert" parameterType="com.yc.beans.Courseandstudent" >
    insert into courseandstudent (id, studentid, courseid, 
      part1, part2, part3
      )
    values (#{id,jdbcType=INTEGER}, #{studentid,jdbcType=INTEGER}, #{courseid,jdbcType=INTEGER}, 
      #{part1,jdbcType=INTEGER}, #{part2,jdbcType=INTEGER}, #{part3,jdbcType=INTEGER}
      )
  </insert>
  <insert id="insertSelective" parameterType="com.yc.beans.Courseandstudent" >
    insert into courseandstudent
    <trim prefix="(" suffix=")" suffixOverrides="," >
      <if test="id != null" >
        id,
      </if>
      <if test="studentid != null" >
        studentid,
      </if>
      <if test="courseid != null" >
        courseid,
      </if>
      <if test="part1 != null" >
        part1,
      </if>
      <if test="part2 != null" >
        part2,
      </if>
      <if test="part3 != null" >
        part3,
      </if>
    </trim>
    <trim prefix="values (" suffix=")" suffixOverrides="," >
      <if test="id != null" >
        #{id,jdbcType=INTEGER},
      </if>
      <if test="studentid != null" >
        #{studentid,jdbcType=INTEGER},
      </if>
      <if test="courseid != null" >
        #{courseid,jdbcType=INTEGER},
      </if>
      <if test="part1 != null" >
        #{part1,jdbcType=INTEGER},
      </if>
      <if test="part2 != null" >
        #{part2,jdbcType=INTEGER},
      </if>
      <if test="part3 != null" >
        #{part3,jdbcType=INTEGER},
      </if>
    </trim>
  </insert>
  <select id="countByExample" parameterType="com.yc.beans.CourseandstudentExample" resultType="java.lang.Integer" >
    select count(*) from courseandstudent
    <if test="_parameter != null" >
      <include refid="Example_Where_Clause" />
    </if>
  </select>
  <update id="updateByExampleSelective" parameterType="map" >
    update courseandstudent
    <set >
      <if test="record.id != null" >
        id = #{record.id,jdbcType=INTEGER},
      </if>
      <if test="record.studentid != null" >
        studentid = #{record.studentid,jdbcType=INTEGER},
      </if>
      <if test="record.courseid != null" >
        courseid = #{record.courseid,jdbcType=INTEGER},
      </if>
      <if test="record.part1 != null" >
        part1 = #{record.part1,jdbcType=INTEGER},
      </if>
      <if test="record.part2 != null" >
        part2 = #{record.part2,jdbcType=INTEGER},
      </if>
      <if test="record.part3 != null" >
        part3 = #{record.part3,jdbcType=INTEGER},
      </if>
    </set>
    <if test="_parameter != null" >
      <include refid="Update_By_Example_Where_Clause" />
    </if>
  </update>
  <update id="updateByExample" parameterType="map" >
    update courseandstudent
    set id = #{record.id,jdbcType=INTEGER},
      studentid = #{record.studentid,jdbcType=INTEGER},
      courseid = #{record.courseid,jdbcType=INTEGER},
      part1 = #{record.part1,jdbcType=INTEGER},
      part2 = #{record.part2,jdbcType=INTEGER},
      part3 = #{record.part3,jdbcType=INTEGER}
    <if test="_parameter != null" >
      <include refid="Update_By_Example_Where_Clause" />
    </if>
  </update>
  <update id="updateByPrimaryKeySelective" parameterType="com.yc.beans.Courseandstudent" >
    update courseandstudent
    <set >
      <if test="studentid != null" >
        studentid = #{studentid,jdbcType=INTEGER},
      </if>
      <if test="courseid != null" >
        courseid = #{courseid,jdbcType=INTEGER},
      </if>
      <if test="part1 != null" >
        part1 = #{part1,jdbcType=INTEGER},
      </if>
      <if test="part2 != null" >
        part2 = #{part2,jdbcType=INTEGER},
      </if>
      <if test="part3 != null" >
        part3 = #{part3,jdbcType=INTEGER},
      </if>
    </set>
    where id = #{id,jdbcType=INTEGER}
  </update>
  <update id="updateByPrimaryKey" parameterType="com.yc.beans.Courseandstudent" >
    update courseandstudent
    set studentid = #{studentid,jdbcType=INTEGER},
      courseid = #{courseid,jdbcType=INTEGER},
      part1 = #{part1,jdbcType=INTEGER},
      part2 = #{part2,jdbcType=INTEGER},
      part3 = #{part3,jdbcType=INTEGER}
    where id = #{id,jdbcType=INTEGER}
  </update>
</mapper>