<?xml version="1.0" encoding="UTF-8" ?>
<!DOCTYPE mapper PUBLIC "-//mybatis.org//DTD Mapper 3.0//EN" "http://mybatis.org/dtd/mybatis-3-mapper.dtd" >
<mapper namespace="com.yc.mapper.MessageMapper" >
  <resultMap id="BaseResultMap" type="com.yc.beans.Message" >
    <id column="id" property="id" jdbcType="INTEGER" />
    <result column="studentid" property="studentid" jdbcType="INTEGER" />
    <result column="content" property="content" jdbcType="VARCHAR" />
    <result column="date" property="date" jdbcType="TIMESTAMP" />
    <result column="teacherid" property="teacherid" jdbcType="INTEGER" />
    <result column="reply" property="reply" jdbcType="VARCHAR" />
  </resultMap>
  <sql id="Example_Where_Clause" >
    <where >
      <foreach collection="oredCriteria" item="criteria" separator="or" >
        <if test="criteria.valid" >
          <trim prefix="(" suffix=")" prefixOverrides="and" >
            <foreach collection="criteria.criteria" item="criterion" >
              <choose >
                <when test="criterion.noValue" >
                  and ${criterion.condition}
                </when>
                <when test="criterion.singleValue" >
                  and ${criterion.condition} #{criterion.value}
                </when>
                <when test="criterion.betweenValue" >
                  and ${criterion.condition} #{criterion.value} and #{criterion.secondValue}
                </when>
                <when test="criterion.listValue" >
                  and ${criterion.condition}
                  <foreach collection="criterion.value" item="listItem" open="(" close=")" separator="," >
                    #{listItem}
                  </foreach>
                </when>
              </choose>
            </foreach>
          </trim>
        </if>
      </foreach>
    </where>
  </sql>
  <sql id="Update_By_Example_Where_Clause" >
    <where >
      <foreach collection="example.oredCriteria" item="criteria" separator="or" >
        <if test="criteria.valid" >
          <trim prefix="(" suffix=")" prefixOverrides="and" >
            <foreach collection="criteria.criteria" item="criterion" >
              <choose >
                <when test="criterion.noValue" >
                  and ${criterion.condition}
                </when>
                <when test="criterion.singleValue" >
                  and ${criterion.condition} #{criterion.value}
                </when>
                <when test="criterion.betweenValue" >
                  and ${criterion.condition} #{criterion.value} and #{criterion.secondValue}
                </when>
                <when test="criterion.listValue" >
                  and ${criterion.condition}
                  <foreach collection="criterion.value" item="listItem" open="(" close=")" separator="," >
                    #{listItem}
                  </foreach>
                </when>
              </choose>
            </foreach>
          </trim>
        </if>
      </foreach>
    </where>
  </sql>
  <sql id="Base_Column_List" >
    id, studentid, content, date, teacherid, reply
  </sql>
  <select id="selectByExample" resultMap="BaseResultMap" parameterType="com.yc.beans.MessageExample" >
    select
    <if test="distinct" >
      distinct
    </if>
    <include refid="Base_Column_List" />
    from message
    <if test="_parameter != null" >
      <include refid="Example_Where_Clause" />
    </if>
    <if test="orderByClause != null" >
      order by ${orderByClause}
    </if>
  </select>
  <select id="selectByPrimaryKey" resultMap="BaseResultMap" parameterType="java.lang.Integer" >
    select 
    <include refid="Base_Column_List" />
    from message
    where id = #{id,jdbcType=INTEGER}
  </select>
  <delete id="deleteByPrimaryKey" parameterType="java.lang.Integer" >
    delete from message
    where id = #{id,jdbcType=INTEGER}
  </delete>
  <delete id="deleteByExample" parameterType="com.yc.beans.MessageExample" >
    delete from message
    <if test="_parameter != null" >
      <include refid="Example_Where_Clause" />
    </if>
  </delete>
  <insert id="insert" parameterType="com.yc.beans.Message" >
    insert into message (id, studentid, content, 
      date, teacherid, reply
      )
    values (#{id,jdbcType=INTEGER}, #{studentid,jdbcType=INTEGER}, #{content,jdbcType=VARCHAR}, 
      #{date,jdbcType=TIMESTAMP}, #{teacherid,jdbcType=INTEGER}, #{reply,jdbcType=VARCHAR}
      )
  </insert>
  <insert id="insertSelective" parameterType="com.yc.beans.Message" >
    insert into message
    <trim prefix="(" suffix=")" suffixOverrides="," >
      <if test="id != null" >
        id,
      </if>
      <if test="studentid != null" >
        studentid,
      </if>
      <if test="content != null" >
        content,
      </if>
      <if test="date != null" >
        date,
      </if>
      <if test="teacherid != null" >
        teacherid,
      </if>
      <if test="reply != null" >
        reply,
      </if>
    </trim>
    <trim prefix="values (" suffix=")" suffixOverrides="," >
      <if test="id != null" >
        #{id,jdbcType=INTEGER},
      </if>
      <if test="studentid != null" >
        #{studentid,jdbcType=INTEGER},
      </if>
      <if test="content != null" >
        #{content,jdbcType=VARCHAR},
      </if>
      <if test="date != null" >
        #{date,jdbcType=TIMESTAMP},
      </if>
      <if test="teacherid != null" >
        #{teacherid,jdbcType=INTEGER},
      </if>
      <if test="reply != null" >
        #{reply,jdbcType=VARCHAR},
      </if>
    </trim>
  </insert>
  <select id="countByExample" parameterType="com.yc.beans.MessageExample" resultType="java.lang.Integer" >
    select count(*) from message
    <if test="_parameter != null" >
      <include refid="Example_Where_Clause" />
    </if>
  </select>
  <update id="updateByExampleSelective" parameterType="map" >
    update message
    <set >
      <if test="record.id != null" >
        id = #{record.id,jdbcType=INTEGER},
      </if>
      <if test="record.studentid != null" >
        studentid = #{record.studentid,jdbcType=INTEGER},
      </if>
      <if test="record.content != null" >
        content = #{record.content,jdbcType=VARCHAR},
      </if>
      <if test="record.date != null" >
        date = #{record.date,jdbcType=TIMESTAMP},
      </if>
      <if test="record.teacherid != null" >
        teacherid = #{record.teacherid,jdbcType=INTEGER},
      </if>
      <if test="record.reply != null" >
        reply = #{record.reply,jdbcType=VARCHAR},
      </if>
    </set>
    <if test="_parameter != null" >
      <include refid="Update_By_Example_Where_Clause" />
    </if>
  </update>
  <update id="updateByExample" parameterType="map" >
    update message
    set id = #{record.id,jdbcType=INTEGER},
      studentid = #{record.studentid,jdbcType=INTEGER},
      content = #{record.content,jdbcType=VARCHAR},
      date = #{record.date,jdbcType=TIMESTAMP},
      teacherid = #{record.teacherid,jdbcType=INTEGER},
      reply = #{record.reply,jdbcType=VARCHAR}
    <if test="_parameter != null" >
      <include refid="Update_By_Example_Where_Clause" />
    </if>
  </update>
  <update id="updateByPrimaryKeySelective" parameterType="com.yc.beans.Message" >
    update message
    <set >
      <if test="studentid != null" >
        studentid = #{studentid,jdbcType=INTEGER},
      </if>
      <if test="content != null" >
        content = #{content,jdbcType=VARCHAR},
      </if>
      <if test="date != null" >
        date = #{date,jdbcType=TIMESTAMP},
      </if>
      <if test="teacherid != null" >
        teacherid = #{teacherid,jdbcType=INTEGER},
      </if>
      <if test="reply != null" >
        reply = #{reply,jdbcType=VARCHAR},
      </if>
    </set>
    where id = #{id,jdbcType=INTEGER}
  </update>
  <update id="updateByPrimaryKey" parameterType="com.yc.beans.Message" >
    update message
    set studentid = #{studentid,jdbcType=INTEGER},
      content = #{content,jdbcType=VARCHAR},
      date = #{date,jdbcType=TIMESTAMP},
      teacherid = #{teacherid,jdbcType=INTEGER},
      reply = #{reply,jdbcType=VARCHAR}
    where id = #{id,jdbcType=INTEGER}
  </update>
</mapper>