<?xml version="1.0" encoding="UTF-8" ?>
<!DOCTYPE mapper PUBLIC "-//mybatis.org//DTD Mapper 3.0//EN" "http://mybatis.org/dtd/mybatis-3-mapper.dtd" >
<mapper namespace="com.yc.mapper.WorkMapper" >
  <resultMap id="BaseResultMap" type="com.yc.beans.Work" >
    <id column="id" property="id" jdbcType="INTEGER" />
    <result column="path" property="path" jdbcType="VARCHAR" />
    <result column="name" property="name" jdbcType="VARCHAR" />
    <result column="date" property="date" jdbcType="TIMESTAMP" />
    <result column="courseandstudentid" property="courseandstudentid" jdbcType="INTEGER" />
  </resultMap>
  <sql id="Example_Where_Clause" >
    <where >
      <foreach collection="oredCriteria" item="criteria" separator="or" >
        <if test="criteria.valid" >
          <trim prefix="(" suffix=")" prefixOverrides="and" >
            <foreach collection="criteria.criteria" item="criterion" >
              <choose >
                <when test="criterion.noValue" >
                  and ${criterion.condition}
                </when>
                <when test="criterion.singleValue" >
                  and ${criterion.condition} #{criterion.value}
                </when>
                <when test="criterion.betweenValue" >
                  and ${criterion.condition} #{criterion.value} and #{criterion.secondValue}
                </when>
                <when test="criterion.listValue" >
                  and ${criterion.condition}
                  <foreach collection="criterion.value" item="listItem" open="(" close=")" separator="," >
                    #{listItem}
                  </foreach>
                </when>
              </choose>
            </foreach>
          </trim>
        </if>
      </foreach>
    </where>
  </sql>
  <sql id="Update_By_Example_Where_Clause" >
    <where >
      <foreach collection="example.oredCriteria" item="criteria" separator="or" >
        <if test="criteria.valid" >
          <trim prefix="(" suffix=")" prefixOverrides="and" >
            <foreach collection="criteria.criteria" item="criterion" >
              <choose >
                <when test="criterion.noValue" >
                  and ${criterion.condition}
                </when>
                <when test="criterion.singleValue" >
                  and ${criterion.condition} #{criterion.value}
                </when>
                <when test="criterion.betweenValue" >
                  and ${criterion.condition} #{criterion.value} and #{criterion.secondValue}
                </when>
                <when test="criterion.listValue" >
                  and ${criterion.condition}
                  <foreach collection="criterion.value" item="listItem" open="(" close=")" separator="," >
                    #{listItem}
                  </foreach>
                </when>
              </choose>
            </foreach>
          </trim>
        </if>
      </foreach>
    </where>
  </sql>
  <sql id="Base_Column_List" >
    id, path, name, date, courseandstudentid
  </sql>
  <select id="selectByExample" resultMap="BaseResultMap" parameterType="com.yc.beans.WorkExample" >
    select
    <if test="distinct" >
      distinct
    </if>
    <include refid="Base_Column_List" />
    from work
    <if test="_parameter != null" >
      <include refid="Example_Where_Clause" />
    </if>
    <if test="orderByClause != null" >
      order by ${orderByClause}
    </if>
  </select>
  <select id="selectByPrimaryKey" resultMap="BaseResultMap" parameterType="java.lang.Integer" >
    select 
    <include refid="Base_Column_List" />
    from work
    where id = #{id,jdbcType=INTEGER}
  </select>
  <delete id="deleteByPrimaryKey" parameterType="java.lang.Integer" >
    delete from work
    where id = #{id,jdbcType=INTEGER}
  </delete>
  <delete id="deleteByExample" parameterType="com.yc.beans.WorkExample" >
    delete from work
    <if test="_parameter != null" >
      <include refid="Example_Where_Clause" />
    </if>
  </delete>
  <insert id="insert" parameterType="com.yc.beans.Work" >
    insert into work (id, path, name, 
      date, courseandstudentid)
    values (#{id,jdbcType=INTEGER}, #{path,jdbcType=VARCHAR}, #{name,jdbcType=VARCHAR}, 
      #{date,jdbcType=TIMESTAMP}, #{courseandstudentid,jdbcType=INTEGER})
  </insert>
  <insert id="insertSelective" parameterType="com.yc.beans.Work" >
    insert into work
    <trim prefix="(" suffix=")" suffixOverrides="," >
      <if test="id != null" >
        id,
      </if>
      <if test="path != null" >
        path,
      </if>
      <if test="name != null" >
        name,
      </if>
      <if test="date != null" >
        date,
      </if>
      <if test="courseandstudentid != null" >
        courseandstudentid,
      </if>
    </trim>
    <trim prefix="values (" suffix=")" suffixOverrides="," >
      <if test="id != null" >
        #{id,jdbcType=INTEGER},
      </if>
      <if test="path != null" >
        #{path,jdbcType=VARCHAR},
      </if>
      <if test="name != null" >
        #{name,jdbcType=VARCHAR},
      </if>
      <if test="date != null" >
        #{date,jdbcType=TIMESTAMP},
      </if>
      <if test="courseandstudentid != null" >
        #{courseandstudentid,jdbcType=INTEGER},
      </if>
    </trim>
  </insert>
  <select id="countByExample" parameterType="com.yc.beans.WorkExample" resultType="java.lang.Integer" >
    select count(*) from work
    <if test="_parameter != null" >
      <include refid="Example_Where_Clause" />
    </if>
  </select>
  <update id="updateByExampleSelective" parameterType="map" >
    update work
    <set >
      <if test="record.id != null" >
        id = #{record.id,jdbcType=INTEGER},
      </if>
      <if test="record.path != null" >
        path = #{record.path,jdbcType=VARCHAR},
      </if>
      <if test="record.name != null" >
        name = #{record.name,jdbcType=VARCHAR},
      </if>
      <if test="record.date != null" >
        date = #{record.date,jdbcType=TIMESTAMP},
      </if>
      <if test="record.courseandstudentid != null" >
        courseandstudentid = #{record.courseandstudentid,jdbcType=INTEGER},
      </if>
    </set>
    <if test="_parameter != null" >
      <include refid="Update_By_Example_Where_Clause" />
    </if>
  </update>
  <update id="updateByExample" parameterType="map" >
    update work
    set id = #{record.id,jdbcType=INTEGER},
      path = #{record.path,jdbcType=VARCHAR},
      name = #{record.name,jdbcType=VARCHAR},
      date = #{record.date,jdbcType=TIMESTAMP},
      courseandstudentid = #{record.courseandstudentid,jdbcType=INTEGER}
    <if test="_parameter != null" >
      <include refid="Update_By_Example_Where_Clause" />
    </if>
  </update>
  <update id="updateByPrimaryKeySelective" parameterType="com.yc.beans.Work" >
    update work
    <set >
      <if test="path != null" >
        path = #{path,jdbcType=VARCHAR},
      </if>
      <if test="name != null" >
        name = #{name,jdbcType=VARCHAR},
      </if>
      <if test="date != null" >
        date = #{date,jdbcType=TIMESTAMP},
      </if>
      <if test="courseandstudentid != null" >
        courseandstudentid = #{courseandstudentid,jdbcType=INTEGER},
      </if>
    </set>
    where id = #{id,jdbcType=INTEGER}
  </update>
  <update id="updateByPrimaryKey" parameterType="com.yc.beans.Work" >
    update work
    set path = #{path,jdbcType=VARCHAR},
      name = #{name,jdbcType=VARCHAR},
      date = #{date,jdbcType=TIMESTAMP},
      courseandstudentid = #{courseandstudentid,jdbcType=INTEGER}
    where id = #{id,jdbcType=INTEGER}
  </update>
</mapper>