{
	"code": 0,
	"msg": "",
	"count": 4,
	"data": [
		{
			"linkId": "1",
			"logo": "../../images/layui.png",
			"websiteName": "layui - 经典模块化前端框架",
			"websiteUrl": "http://www.layui.com",
			"masterEmail": "xianxin@layui.com",
			"addTime": "2017-05-14",
			"showAddress": "checked"
		},{
			"linkId": "2",
			"logo": "../../images/fly.png",
			"websiteName": "fly - 前端框架官方社区",
			"websiteUrl": "http://fly.layui.com",
			"masterEmail": "xianxin@layui.com",
			"addTime": "2017-05-14",
			"showAddress": ""
		}
	]
}