{
	"A": [
		{
			"title": "用戶列表",
			"icon": "icon-text",
			"href": "user/findAll.action",
			"spread": false
		},
		{
			"title": "admin列表",
			"icon": "icon-text",
			"href": "admin/findAll.action",
			"spread": false
		},
		{
			"title": "图片管理",
			"icon": "&#xe634;",
			"href": "page/img/images.html",
			"spread": false
		},
		{
			"title": "其他页面",
			"icon": "&#xe630;",
			"href": "",
			"spread": false,
			"children": [
				{
					"title": "404页面",
					"icon": "&#xe61c;",
					"href": "page/404.html",
					"spread": false
				},
				{
					"title": "登录",
					"icon": "&#xe609;",
					"href": "page/login/login.html",
					"spread": false,
					"target": "_blank"
				}
			]
		}
	],
	"B": [
		{
			"title": "用户中心",
			"icon": "&#xe612;",
			"href": "page/user2/userList.html",
			"spread": false
		},
		{
			"title": "会员等级",
			"icon": "icon-vip",
			"href": "page/user2/userGrade.html",
			"spread": false
		}
	],
	"C": [
		{
			"title": "系统基本参数",
			"icon": "&#xe631;",
			"href": "page/systemSetting/basicParameter.html",
			"spread": false
		},{
			"title": "系统日志",
			"icon": "icon-log",
			"href": "page/systemSetting/logs.html",
			"spread": false
		},{
			"title": "友情链接",
			"icon": "&#xe64c;",
			"href": "page/systemSetting/linkList.html",
			"spread": false
		},{
			"title": "图标管理",
			"icon": "&#xe857;",
			"href": "page/systemSetting/icons.html",
			"spread": false
		}
	],
	"D": [
		{
			"title": "三级联动模块123",
			"icon": "icon-mokuai",
			"href": "page/doc/addressDoc.html",
			"spread": false
		},{
			"title": "bodyTab模块",
			"icon": "icon-mokuai",
			"href": "page/doc/bodyTabDoc.html",
			"spread": false
		},{
			"title": "三级菜单123",
			"icon": "icon-mokuai",
			"href": "page/doc/navDoc.html",
			"spread": false
		}
	]
}


