{
	"A": [
		{
			"title": "课程管理",
			"icon": "icon-text",
			"href": "course/findAll",
			"spread": false
		},{
			"title": "学生管理",
			"icon": "icon-text",
			"href": "courseandstudent/findAll",
			"spread": false
		},
		{
			"title": "作业管理",
			"icon": "icon-text",
			"href": "work/findAll",
			"spread": false
		},{
			"title": "消息查看",
			"icon": "icon-text",
			"href": "message/findAll",
			"spread": false
		},{
			"title": "公告查看",
			"icon": "icon-text",
			"href": "notice/findAll",
			"spread": false
		}
	]
}